{
  "summary": {
    "total_sessions": 10,
    "positive_emotions": {
      "before_total": 2.21,
      "after_total": 2.94,
      "average_change": 0.73
    },
    "negative_emotions": {
      "before_total": 2.66,
      "after_total": 1.94,
      "average_change": -0.72
    }
  },
  "sessions": [
    {
      "session": "session_1",
      "attitude": "positive",
      "before": {
        "positive": 2.4,
        "negative": 1.6
      },
      "after": {
        "positive": 3.3,
        "negative": 1.5
      },
      "change": {
        "positive": 0.9,
        "negative": -0.1
      },
      "improvement": 1.0
    },
    {
      "session": "session_2",
      "attitude": "neutral",
      "before": {
        "positive": 2.4,
        "negative": 2.0
      },
      "after": {
        "positive": 2.4,
        "negative": 1.9
      },
      "change": {
        "positive": 0.0,
        "negative": -0.1
      },
      "improvement": 0.1
    },
    {
      "session": "session_3",
      "attitude": "negative",
      "before": {
        "positive": 1.9,
        "negative": 1.8
      },
      "after": {
        "positive": 1.2,
        "negative": 2.0
      },
      "change": {
        "positive": -0.7,
        "negative": 0.2
      },
      "improvement": -0.9
    },
    {
      "session": "session_4",
      "attitude": "positive",
      "before": {
        "positive": 2.3,
        "negative": 3.1
      },
      "after": {
        "positive": 3.7,
        "negative": 1.2
      },
      "change": {
        "positive": 1.4,
        "negative": -1.9
      },
      "improvement": 3.3
    },
    {
      "session": "session_5",
      "attitude": "neutral",
      "before": {
        "positive": 2.2,
        "negative": 3.0
      },
      "after": {
        "positive": 3.9,
        "negative": 1.2
      },
      "change": {
        "positive": 1.7,
        "negative": -1.8
      },
      "improvement": 3.5
    },
    {
      "session": "session_6",
      "attitude": "negative",
      "before": {
        "positive": 1.8,
        "negative": 3.1
      },
      "after": {
        "positive": 2.4,
        "negative": 2.5
      },
      "change": {
        "positive": 0.6,
        "negative": -0.6
      },
      "improvement": 1.2
    },
    {
      "session": "session_7",
      "attitude": "positive",
      "before": {
        "positive": 2.4,
        "negative": 3.1
      },
      "after": {
        "positive": 2.1,
        "negative": 2.5
      },
      "change": {
        "positive": -0.3,
        "negative": -0.6
      },
      "improvement": 0.3
    },
    {
      "session": "session_8",
      "attitude": "neutral",
      "before": {
        "positive": 2.4,
        "negative": 3.2
      },
      "after": {
        "positive": 3.6,
        "negative": 2.2
      },
      "change": {
        "positive": 1.2,
        "negative": -1.0
      },
      "improvement": 2.2
    },
    {
      "session": "session_9",
      "attitude": "negative",
      "before": {
        "positive": 2.4,
        "negative": 3.2
      },
      "after": {
        "positive": 2.8,
        "negative": 2.7
      },
      "change": {
        "positive": 0.4,
        "negative": -0.5
      },
      "improvement": 0.9
    },
    {
      "session": "session_10",
      "attitude": "positive",
      "before": {
        "positive": 1.9,
        "negative": 2.5
      },
      "after": {
        "positive": 4.0,
        "negative": 1.7
      },
      "change": {
        "positive": 2.1,
        "negative": -0.8
      },
      "improvement": 2.9
    }
  ],
  "by_attitude": {
    "positive": {
      "count": 4,
      "avg_positive_change": 1.02,
      "avg_negative_change": -0.85,
      "avg_improvement": 1.88
    },
    "neutral": {
      "count": 3,
      "avg_positive_change": 0.97,
      "avg_negative_change": -0.97,
      "avg_improvement": 1.93
    },
    "negative": {
      "count": 3,
      "avg_positive_change": 0.1,
      "avg_negative_change": -0.3,
      "avg_improvement": 0.4
    }
  }
}