{
    "interested": [
        3
    ],
    "excited": [
        1
    ],
    "strong": [
        2
    ],
    "enthusiastic": [
        2
    ],
    "proud": [
        1
    ],
    "alert": [
        3
    ],
    "inspired": [
        2
    ],
    "determined": [
        3
    ],
    "attentive": [
        4
    ],
    "active": [
        3
    ],
    "distressed": [
        4
    ],
    "upset": [
        3
    ],
    "guilty": [
        1
    ],
    "scared": [
        1
    ],
    "hostile": [
        1
    ],
    "irritable": [
        3
    ],
    "ashamed": [
        1
    ],
    "nervous": [
        3
    ],
    "jittery": [
        1
    ],
    "afraid": [
        1
    ],
    "cost": 0.013569999999999999,
    "attitude": "neutral"
}